{
  "evidence_id": "EVID-1767548258-8B1AD1",
  "event_type": "violation",
  "regulation": {
    "framework": "PCI-DSS",
    "clause": "3.2.1",
    "requirement": "PAN must be rendered unreadable wherever stored",
    "severity": "critical"
  },
  "detection": {
    "detected_by": "Reflex Agent ID-7",
    "detection_method": "log_pattern",
    "confidence": 0.94,
    "pattern_matched": "\\b\\d{13,19}\\b",
    "location": "log_file:/var/log/app/transaction.log:line_1423"
  },
  "violation_state": {
    "before": {
      "risk_score": 0.87,
      "snapshot": "PAN visible in logs"
    },
    "after": {
      "risk_score": 0.12,
      "snapshot": "PAN masked"
    }
  },
  "remediation": {
    "agent_id": "RemediationAgent-1",
    "action_type": "mask_pan",
    "success": true,
    "executed_at": "2026-01-04T17:37:38.168196"
  },
  "reasoning_chain": {
    "steps": [
      "Step 1: Pattern matched PAN candidate",
      "Step 2: Validated using Luhn algorithm (confidence: 0.94)",
      "Step 3: Checked policy POL-PCI-3.2.1-MASKING",
      "Step 4: Selected masking action (preserves audit trail)",
      "Step 5: Executed remediation in 2.1 minutes"
    ],
    "confidence_scores": {
      "detection": 0.94,
      "remediation": 0.98,
      "compliance_impact": 0.95
    }
  },
  "linkages": null,
  "metadata": {
    "tenant_id": "org_123",
    "environment": "production"
  },
  "timestamp": "2026-01-04 17:37:38.168196"
}