{
  "evidence_id": "EVID-1767548258-3738B4",
  "event_type": "remediation",
  "regulation": {
    "framework": "GDPR",
    "clause": "Article 32",
    "requirement": "Ensure appropriate security measures"
  },
  "detection": {
    "detected_by": "Cognitive Agent ID-3",
    "detection_method": "policy_check",
    "confidence": 0.89
  },
  "violation_state": null,
  "remediation": {
    "agent_id": "RemediationAgent-2",
    "action_type": "encrypt_field",
    "success": true
  },
  "reasoning_chain": null,
  "linkages": null,
  "metadata": {
    "tenant_id": "org_123",
    "environment": "production"
  },
  "timestamp": "2026-01-04 17:37:38.169542"
}