{
  "explanation_id": "EXP-EVID-1767548258-3738B4",
  "decision_summary": "RemediationAgent-2 executed encrypt_field to resolve violation",
  "narrative": {
    "what": "Cognitive Agent ID-3 detected compliance issue",
    "why_flagged": "GDPR Article 32 requires that Ensure appropriate security measures.",
    "regulation_context": {
      "framework": "GDPR",
      "clause": "Article 32",
      "requirement": "Ensure appropriate security measures"
    },
    "detection_details": {
      "detected_by": "Cognitive Agent ID-3",
      "detection_method": "policy_check",
      "confidence": 0.89
    },
    "remediation_choice": {
      "agent_id": "RemediationAgent-2",
      "action_type": "encrypt_field",
      "success": true
    },
    "agent_reasoning": {}
  },
  "visualization": null
}