{
  "explanation_id": "EXP-EVID-1767548258-8B1AD1",
  "decision_summary": "RemediationAgent-1 executed mask_pan to resolve violation",
  "narrative": {
    "what": "Reflex Agent ID-7 detected None",
    "why_flagged": "PCI-DSS 3.2.1 requires that PAN must be rendered unreadable wherever stored.",
    "regulation_context": {
      "framework": "PCI-DSS",
      "clause": "3.2.1",
      "requirement": "PAN must be rendered unreadable wherever stored",
      "severity": "critical"
    },
    "detection_details": {
      "detected_by": "Reflex Agent ID-7",
      "detection_method": "log_pattern",
      "confidence": 0.94,
      "pattern_matched": "\\b\\d{13,19}\\b",
      "location": "log_file:/var/log/app/transaction.log:line_1423"
    },
    "remediation_choice": {
      "agent_id": "RemediationAgent-1",
      "action_type": "mask_pan",
      "success": true,
      "executed_at": "2026-01-04T17:37:38.168196"
    },
    "agent_reasoning": {
      "steps": [
        "Step 1: Pattern matched PAN candidate",
        "Step 2: Validated using Luhn algorithm (confidence: 0.94)",
        "Step 3: Checked policy POL-PCI-3.2.1-MASKING",
        "Step 4: Selected masking action (preserves audit trail)",
        "Step 5: Executed remediation in 2.1 minutes"
      ],
      "confidence_scores": {
        "detection": 0.94,
        "remediation": 0.98,
        "compliance_impact": 0.95
      }
    }
  },
  "visualization": null
}