[
  {
    "evidence_id": "EVID-1767548258-8B1AD1",
    "previous_hash": null,
    "timestamp": "2026-01-04 17:37:38.168196",
    "evidence_data": {
      "evidence_id": "EVID-1767548258-8B1AD1",
      "event_type": "violation",
      "regulation": {
        "framework": "PCI-DSS",
        "clause": "3.2.1",
        "requirement": "PAN must be rendered unreadable wherever stored",
        "severity": "critical"
      },
      "detection": {
        "detected_by": "Reflex Agent ID-7",
        "detection_method": "log_pattern",
        "confidence": 0.94,
        "pattern_matched": "\\b\\d{13,19}\\b",
        "location": "log_file:/var/log/app/transaction.log:line_1423"
      },
      "violation_state": {
        "before": {
          "risk_score": 0.87,
          "snapshot": "PAN visible in logs"
        },
        "after": {
          "risk_score": 0.12,
          "snapshot": "PAN masked"
        }
      },
      "remediation": {
        "agent_id": "RemediationAgent-1",
        "action_type": "mask_pan",
        "success": true,
        "executed_at": "2026-01-04T17:37:38.168196"
      },
      "reasoning_chain": {
        "steps": [
          "Step 1: Pattern matched PAN candidate",
          "Step 2: Validated using Luhn algorithm (confidence: 0.94)",
          "Step 3: Checked policy POL-PCI-3.2.1-MASKING",
          "Step 4: Selected masking action (preserves audit trail)",
          "Step 5: Executed remediation in 2.1 minutes"
        ],
        "confidence_scores": {
          "detection": 0.94,
          "remediation": 0.98,
          "compliance_impact": 0.95
        }
      },
      "linkages": null,
      "metadata": {
        "tenant_id": "org_123",
        "environment": "production"
      },
      "timestamp": "2026-01-04 17:37:38.168196"
    },
    "data_hash": "c22811c4a5a61122018c950032ff78dc8a1ac600be184b24a46f9258b1c46a05",
    "record_hash": "ecbd6fd346ec5c39709e54e74c6830b625ee4d31aebb54e2191b514d2cac1e18",
    "sequence_number": 0
  },
  {
    "evidence_id": "EVID-1767548258-3738B4",
    "previous_hash": "ecbd6fd346ec5c39709e54e74c6830b625ee4d31aebb54e2191b514d2cac1e18",
    "timestamp": "2026-01-04 17:37:38.169542",
    "evidence_data": {
      "evidence_id": "EVID-1767548258-3738B4",
      "event_type": "remediation",
      "regulation": {
        "framework": "GDPR",
        "clause": "Article 32",
        "requirement": "Ensure appropriate security measures"
      },
      "detection": {
        "detected_by": "Cognitive Agent ID-3",
        "detection_method": "policy_check",
        "confidence": 0.89
      },
      "violation_state": null,
      "remediation": {
        "agent_id": "RemediationAgent-2",
        "action_type": "encrypt_field",
        "success": true
      },
      "reasoning_chain": null,
      "linkages": null,
      "metadata": {
        "tenant_id": "org_123",
        "environment": "production"
      },
      "timestamp": "2026-01-04 17:37:38.169542"
    },
    "data_hash": "d9452e2f98e4093b010773e1eeb477893e76828672293f946479669ab3d25896",
    "record_hash": "a0aa9982eabe1a080fe2caf6809d0c10a6aafa8820012e6ada37daad5a5d5cf6",
    "sequence_number": 1
  }
]